<?xml version='1.0' encoding="utf-8"?>

<toc version="2.0">
<!-- First tocitem specifies top level in Help browser Contents pane -->
<!-- This can be a roadmap page, as shown below, or a content page -->
    <tocitem target="Info.html">Control101 Toolbox
        <!-- Nest tocitems to create hierarchical entries in  Contents-->
        <!-- To include icons, use the following syntax for tocitems: -->
        <!-- <tocitem target="foo.html" image="HelpIcon.NAME"> -->
        <!-- Title-of-Section </tocitem> -->
        <!-- where NAME is one of the following (use capital letters): -->
        <!-- FUNCTION, USER_GUIDE, EXAMPLES, BLOCK, GETTING_STARTED, -->
        <!-- DEMOS, RELEASE_NOTES --> 
        <!-- Icon images used for these entries are also stored in -->
        <!-- matlabroot/toolbox/matlab/icons -->
        <!-- A Getting Started Guide usually comes first -->
        <tocitem target="gettingstarted.html">
            Getting Started with the Control101 Toolbox  
        </tocitem>
      
        <tocitem target="https://controleducation.sites.sheffield.ac.uk/matlabresources/community-control-toolbox" 
                 image="$toolbox/matlab/icons/webicon.gif">
        
            controleducation.sites.sheffield.ac.uk/matlabresources/community-control-toolbox
        </tocitem>
    </tocitem>
</toc>